Identifiant;Identifiant CTV;Code postal de l'arrondissement;Numéro de STV;Typologie;Maitre d'ouvrage;Objet;Description;Voie(s);Précisions de localisation;Date de début;Date de fin;Impact sur la circulation;Détail de l'impact sur la circulation;Niveau de perturbation;Statut;URL LettreInfoChantier;geo_shape;geo_point_2d
CP001670;;75001;11;3;LOUVRE-SAINT HONORE;REHABILITATION_IMMEUBLE;;place du Palais Royal;n°2;2020-06-29;2025-03-31;RESTREINTE;Maintien d'une file de circulation .Lors des livraisons cette voie pourra être fermée.;2;4;;"{""coordinates"": [[[2.337232888790253, 48.862257597171684], [2.3370699264413646, 48.86231023365322], [2.3371952989616256, 48.86251913700107], [2.337272622259835, 48.86253622203807], [2.3373757632412215, 48.86250823886393], [2.337232888790253, 48.862257597171684]]], ""type"": ""Polygon""}";48.86240295301129, 2.3372231998594786
CP002666;;75015;13;3;S.N.C.F;REHABILITATION_IMMEUBLE;;Boulevard Vaugirard (1-17);;2024-10-30;2026-03-30;RESTREINTE;Réduction de voirie et suppression du couloir de bus. Circulation sur une voie pour tous les véhicules.;1;2;;"{""coordinates"": [[[2.319176513855834, 48.84165315782454], [2.319752173403109, 48.84180949672928], [2.319772793744469, 48.841788131722375], [2.319748490643204, 48.84177993700274], [2.319760975804965, 48.84175852573643], [2.3192056202719904, 48.84160498702553], [2.319176513855834, 48.84165315782454]]], ""type"": ""Polygon""}";48.84170643714342, 2.3194725247371406
CP002673;;75014;12;3;R.A.T.P;RACCORDEMENT_RESEAU;travaux de H.T.A;rue Froidevaux;Depuis la rue Emile Richard jusqu'à la place Denfert Rochereau.;2024-09-16;2024-11-28;RESTREINTE;Fermeture totale de la piste cyclable depuis l'avenue du Maine jusqu'à la place Denfert-Rochereau.;2;2;;"{""coordinates"": [[[2.327835778578545, 48.836382990256425], [2.327966219926423, 48.83636223995273], [2.327725764356672, 48.83608161188321], [2.3312731637381088, 48.83476227918966], [2.3315014290784988, 48.835042832255496], [2.331709732552498, 48.834976862767334], [2.3312573420274765, 48.83472728165328], [2.327587394703469, 48.83605207134974], [2.327835778578545, 48.836382990256425]]], ""type"": ""Polygon""}";48.83549694973529, 2.3293822608488584
CP002689;;75014;12;1;S.A.P;TRAVAUX_URGENCE;affaissement d'un avaloir.;39 rue d'Alesia.;;2024-09-27;2024-11-29;BARRAGE_TOTAL;Depuis la rue de la Tombe d'Issoire jusqu'à la place Victor et Hélène Basch.;1;2;;"{""coordinates"": [[[2.3324922753795225, 48.8278949423307], [2.3324127236847345, 48.82775485843368], [2.327051745527378, 48.82778389052444], [2.3271232178009864, 48.82791856152905], [2.3324922753795225, 48.8278949423307]]], ""type"": ""Polygon""}";48.827837987228314, 2.329787693718862
CP002720;;75008;9;2;CPCU;TRAVAUX_URGENCE;Réfection d'une canalisation;Rue Pierre Charron;N°53;2025-01-13;2025-03-06;SENS_UNIQUE;Mise en sens unique de la rue Pierre Charron :à partir de la Rue François Premier jusqu' à L'Avenue  Des Champs Elysées.;2;1;;"{""coordinates"": [[[2.302940328500906, 48.86939281276597], [2.3031756447328884, 48.86945057372461], [2.303162571387872, 48.86951494470959], [2.30321605887557, 48.869472291666156], [2.3028604708446916, 48.869276880683024], [2.3028030925463394, 48.86930608458094], [2.302940328500906, 48.86939281276597]]], ""type"": ""Polygon""}";48.869369888800854, 2.3029764802428447
CP002441;671912;75010;11;3;APHP Lariboisière;CONSTRUCTION_IMMEUBLE;Hôpital Lariboisière;Rue de Maubeuge;Emprise située du n° 111 au n° 119;2022-10-10;2026-06-03;RESTREINTE;"Emprise sur chaussée + trottoir impair
Circulation restante : 2 x 3ml";2;2;;"{""coordinates"": [[[2.3548154074086916, 48.882758481941224], [2.3547448071349977, 48.882778327386305], [2.355374654334728, 48.88392268022739], [2.3554557692244136, 48.883927876177694], [2.3548154074086916, 48.882758481941224]]], ""type"": ""Polygon""}";48.88334292681566, 2.3550956528458444
CP002650;;75008;9;2;STV Nord Ouest;REAMENAGEMENT_VOIRIE;végétalisation de la rue Monceau.;Rue de Monceau;depuis la place de Rio de Janeiro et le boulevard Malesherbes.;2024-09-09;2024-12-15;RESTREINTE;"Travaux en 2 phases. 
Maintient de la piste cyclable.";2;4;;"{""coordinates"": [[[2.3140418125501685, 48.879382341258975], [2.3141409303728238, 48.87927549961119], [2.310726656170242, 48.877623252126455], [2.3105785435378534, 48.87774055067246], [2.310627678011157, 48.877719351140314], [2.310578401367952, 48.87775129064733], [2.3106111093901682, 48.87774073821427], [2.3140418125501685, 48.879382341258975]]], ""type"": ""Polygon""}";48.878487350670866, 2.312342244476638
CP002695;;75015;13;3;Elogie.Siemp;REHABILITATION_IMMEUBLE;;5 rue du Bessin;;2024-10-07;2026-02-13;RESTREINTE;Réduction de la voirie avec entrée et sortie de poids lourds.;2;2;;"{""coordinates"": [[[2.305629240952048, 48.831148026839976], [2.3061722975740007, 48.830839003163874], [2.306176391780886, 48.830837013211635], [2.3062890940557974, 48.8308497509906], [2.3066414953218457, 48.8312660138834], [2.306666023598463, 48.83125675759909], [2.3062675376005193, 48.830788534014594], [2.3061577781227083, 48.83078386900094], [2.3055748162293677, 48.83111145879396], [2.305629240952048, 48.831148026839976]]], ""type"": ""Polygon""}";48.83097169004043, 2.3060615779034053
CP002713;;75004;12;2;RATP;TRAVAUX_OUVRAGE;Réfection d'étanchéité Métro Ligne 7 ( Sully Morland);;Métro  Sully-Morland;2024-11-12;2025-01-14;RESTREINTE;"Réduction des nombres des voies 
Déviation Cycliste du Quai Celestin vers rue de Sully
Fermeture du couloir bus/vélo entre Bastille et quai des Celestin, contresens cyclable maintenu";1;2;;"{""coordinates"": [[[2.3623091042878444, 48.85097445663517], [2.3623165452062835, 48.85113647817136], [2.362572088591997, 48.85120228670097], [2.362650676754134, 48.851097978206326], [2.36251676882508, 48.85106772642035], [2.362500395588644, 48.851075695602525], [2.3623091042878444, 48.85097445663517]]], ""type"": ""Polygon""}";48.851104192017296, 2.362455662363188
CP002429;662837;75015;13;3;SCCV Porte de Brancion;CONSTRUCTION_IMMEUBLE;Construction neuve, résidence sociale et commerces;Avenue de la Porte de Brancion;Carrefour au-dessus du périphérique;2022-11-14;2025-06-27;RESTREINTE;restriction à 2 files de circulation, maintien de la piste vélos et cheminement piétons.;2;4;;"{""coordinates"": [[[2.299950868215911, 48.82590374090183], [2.30015215168723, 48.82580973482902], [2.300165534628195, 48.8256182539662], [2.300055510377768, 48.82562593831275], [2.2997950850984825, 48.82569580213723], [2.299950868215911, 48.82590374090183]]], ""type"": ""Polygon""}";48.82574599992238, 2.300005595088704
CP002638;;75005;12;3;A7A8;CONSTRUCTION_IMMEUBLE;;Boulevard de l'Hopital;au n°11;2024-01-08;2025-04-01;RESTREINTE;Neutralisation du trottoir, déviation piétonne obligatoire sur le trottoir d'en face;2;2;;"{""coordinates"": [[[2.3642443559308997, 48.84281055164292], [2.364227885928587, 48.842826576169294], [2.3646293126078626, 48.84260314100179], [2.3640153414574194, 48.8415740817198], [2.363409665230726, 48.84186624664346], [2.363985830436452, 48.842658798852604], [2.3641085295069426, 48.84260574486684], [2.3642443559308997, 48.84281055164292]]], ""type"": ""Polygon""}";48.84219098441977, 2.3640339656032325
CP002648;;75005;12;2;CPCU;CREATION_RESEAUX;;Quai Saint-Bernard et rue des Fossés Saint-Bernard;;2024-09-16;2025-01-30;RESTREINTE;Travaux en plusieurs phases. Circulation piétonne modifiée sur le carrefour rue des Fossés Saint-Bernard/Bd Saint Germain. Itinéraire cyclable conservé.;1;2;;"{""coordinates"": [[[2.3561205416482465, 48.84922941154152], [2.353343189226003, 48.84745286152407], [2.3534102836823925, 48.84729210497394], [2.353313041247872, 48.84725935537033], [2.3531803164500134, 48.84746272301866], [2.3561190818462125, 48.84934755757344], [2.357357269319315, 48.849246801765574], [2.359326450502557, 48.847936185601576], [2.3591647660593806, 48.84784938966031], [2.3570487171317924, 48.84919143716342], [2.3561205416482465, 48.84922941154152]]], ""type"": ""Polygon""}";48.848555692634534, 2.356608141994743
CP002697;;75010;11;3;Eiffage;REHABILITATION_IMMEUBLE;Base de vie.;79 boulevard de Strasbourg.;en chaussée centrale du boulevard de Strasbourg.;2024-11-12;2025-11-14;RESTREINTE;Réduction de la voirie des BUS et Taxis  sens gare de l'EST boulevard Magenta au droit du  boulevard de Strasbourg.;2;2;;"{""coordinates"": [[[2.357626786382648, 48.8753909265887], [2.3576736405120413, 48.87538782078958], [2.357675684239932, 48.87538716085166], [2.3575753672907913, 48.87518657074664], [2.357538632610941, 48.87519442984643], [2.3575126685307484, 48.875236583548], [2.3575608789960816, 48.87537110498413], [2.357626786382648, 48.8753909265887]]], ""type"": ""Polygon""}";48.8752975487471, 2.357585321445377
CP002700;;75007;12;3;Musée d'Orsay;REHABILITATION_IMMEUBLE;Deux chantiers de réhabilitation de bâtiments publics pour le musée d'Orsay et le conseil d'état.;Quai Voltaire;aux n°29-31;2024-10-01;2026-08-01;RESTREINTE;Réduction du quai Voltaire à une voie de circulation dans le sens Est/Ouest;1;2;;"{""coordinates"": [[[2.3296417394036775, 48.85934551403987], [2.3296896728372563, 48.8594156009651], [2.3301842120362175, 48.859251881289445], [2.3300244401126555, 48.85901736512524], [2.329987574561423, 48.8590359560642], [2.330091444456793, 48.85918691450391], [2.3296376697601486, 48.859345491242436], [2.3296417394036775, 48.85934551403987]]], ""type"": ""Polygon""}";48.85926763703709, 2.329935695831666
CP002719;;75020;10;1;ville de PARIS;REAMENAGEMENT_VOIRIE;Création piste cyclable +passages piétons.;Porte de Montreuil.;;2024-11-12;2024-12-31;RESTREINTE;Mise en place d'une déviation Cyclable.;1;2;;"{""coordinates"": [[[2.4122542303131063, 48.854761450371704], [2.4129409814107583, 48.8544855518055], [2.4132961553570955, 48.85474508184363], [2.414370874371378, 48.85470738114584], [2.414764883318863, 48.85440855724076], [2.4150318129931314, 48.85382983904391], [2.4146773605352907, 48.85350587110024], [2.413964118846995, 48.85324459167634], [2.413017217597543, 48.853497738565615], [2.412532573854851, 48.85317312445426], [2.4122542303131063, 48.854761450371704]]], ""type"": ""Polygon""}";48.854020562231014, 2.413605761641423
CP001671;;75001;11;3;LOUVRE-SAINT HONORE;REHABILITATION_IMMEUBLE;;rue Marengo;n°1;2020-06-29;2025-03-31;RESTREINTE;Modification de s files de circulation;2;4;;"{""coordinates"": [[[2.3391843934121015, 48.86165803902996], [2.3390613895856074, 48.861688293747754], [2.339170525908402, 48.86189829527488], [2.3392320575540237, 48.86188078836643], [2.339288331746809, 48.861851354924156], [2.3391843934121015, 48.86165803902996]]], ""type"": ""Polygon""}";48.861776141969294, 2.339176391503361
CP002681;;75010;11;3;RTE;REAMENAGEMENT_VOIRIE;;164 avenue Parmentier__rue Jacques Louvel-Tessier;;2024-09-16;2025-01-20;RESTREINTE;Réduction de voirie, renvoie des cyclistes en circulation générale.;2;3;;"{""coordinates"": [[[2.371882365841068, 48.87181988840871], [2.3719669091711952, 48.87172903312333], [2.370218644315661, 48.87121770340717], [2.3705264931352494, 48.870838016123784], [2.37044336044382, 48.87081206828633], [2.370124198263168, 48.871285681112916], [2.371882365841068, 48.87181988840871]]], ""type"": ""Polygon""}";48.87144784349523, 2.3709704402236995
CP002714;;75019;9;1;SAGP;REAMENAGEMENT_VOIRIE;Aménagements cyclables;Place bataille Stalingrad;Avenue Jean Jaurès Quai de la Loire;2024-11-25;2025-03-31;RESTREINTE;Réduction des chaussés et déplacement de la bidirectionnelle;1;2;;"{""coordinates"": [[[[2.3686196531907195, 48.8839267159944], [2.3686629266709085, 48.883944408226746], [2.3686923350031392, 48.88392337604217], [2.3687357337793777, 48.883755472900795], [2.368708515840365, 48.883911803379135], [2.36875482986915, 48.88387868072529], [2.3687425098729102, 48.88386828879233], [2.369249542975902, 48.88352191761551], [2.369293141572013, 48.88345229471389], [2.3693104829932814, 48.88344170115249], [2.369334569677137, 48.883393437903685], [2.3699403108473716, 48.883030832726426], [2.3701779867259383, 48.88286084400786], [2.3700521919951, 48.88296385853383], [2.3701524209308378, 48.88290385927817], [2.3701810395673353, 48.882883305499064], [2.370204145643084, 48.88286372006988], [2.3696683123263904, 48.882731039901415], [2.368970105141622, 48.88323040292163], [2.3686196531907195, 48.8839267159944]]], [[[2.36875482986915, 48.88387868072529], [2.368932362915515, 48.884028421113165], [2.3692461945837255, 48.88352726446493], [2.36875482986915, 48.88387868072529]]], [[[2.368918076056171, 48.884034491811256], [2.368953416407501, 48.8840631804634], [2.3690311519439877, 48.884094964086714], [2.3690266141726717, 48.8841202490394], [2.3690325699096504, 48.88412368168179], [2.3690264445258524, 48.884121195136906], [2.369026245657311, 48.884122302059986], [2.3690455315966514, 48.88413795845974], [2.369293673013405, 48.88349330865632], [2.36927976209908, 48.883503257482346], [2.368992394841195, 48.88407905397892], [2.368932362915515, 48.884028421113165], [2.3689277740677146, 48.884035749826], [2.368918076056171, 48.884034491811256]]], [[[2.3696899166159193, 48.88320991635137], [2.3698443748524842, 48.88311556163292], [2.369980506806547, 48.883022561790305], [2.3700521919951, 48.88296385853383], [2.3699403108473716, 48.883030832726426], [2.3696899166159193, 48.88320991635137]]], [[[2.369281264452504, 48.883500248152295], [2.3692944755461736, 48.88349122284637], [2.3693094263852172, 48.883452380499435], [2.3696455680441186, 48.88324163418683], [2.3696899166159193, 48.88320991635137], [2.3693104829932814, 48.88344170115249], [2.369281264452504, 48.883500248152295]]], [[[2.3693416424575706, 48.88345900107944], [2.3698189444219926, 48.88313293409965], [2.3696455680441186, 48.88324163418683], [2.3693416424575706, 48.88345900107944]]], [[[2.3688753185089317, 48.88406974219362], [2.3689346101081323, 48.884140280489916], [2.3689894248518315, 48.88414454712002], [2.368916252672179, 48.884088293447846], [2.368906909667547, 48.88408317109569], [2.3688753185089317, 48.88406974219362]]], [[[2.3686196531907195, 48.8839267159944], [2.3685813493209262, 48.88372780668395], [2.3686035256651476, 48.88391364555669], [2.368619338328749, 48.88395268511073], [2.3686465324178605, 48.8839485000521], [2.3686196531907195, 48.8839267159944]]], [[[2.3687136713664376, 48.883965156180615], [2.368734680572374, 48.883989043370384], [2.368773498029459, 48.88399894997257], [2.368830104064615, 48.88403171231385], [2.3688591852596486, 48.884044421126085], [2.368804258015352, 48.88400219413549], [2.368788049622494, 48.88399646450664], [2.3687880604464713, 48.883995571531685], [2.3687136713664376, 48.883965156180615]]], [[[2.3690308762067325, 48.884165214477896], [2.369086814301036, 48.88420563813627], [2.369096159682787, 48.88418918203057], [2.3690499213907033, 48.88416157634157], [2.3690375114215896, 48.884154773183006], [2.3690308762067325, 48.884165214477896]]], [[[2.3689483968292424, 48.88418167274422], [2.369079145142738, 48.884312223742725], [2.368994551185509, 48.88421158840119], [2.3689483968292424, 48.88418167274422]]], [[[2.368806629918833, 48.88400316352422], [2.3688706650047178, 48.88404943783323], [2.3689138154634284, 48.88406829485158], [2.368867072645599, 48.88402787730975], [2.368806629918833, 48.88400316352422]]], [[[2.368757133122618, 48.88401456954537], [2.36876406582024, 48.88402245092878], [2.3688753185089317, 48.88406974219362], [2.3688692531833238, 48.88406252639492], [2.368847903950067, 48.884050822423944], [2.368781326410361, 48.88402496291886], [2.368757133122618, 48.88401456954537]]], [[[2.36896737268412, 48.88417925554194], [2.368994551185509, 48.88421158840119], [2.3690796957807536, 48.884266775553336], [2.36896737268412, 48.88417925554194]]], [[[2.368684607514198, 48.883953273005666], [2.368700187657718, 48.88395964325462], [2.368708515840365, 48.883911803379135], [2.3686923350031392, 48.88392337604217], [2.368684607514198, 48.883953273005666]]], [[[2.3689046026746783, 48.88413794415201], [2.368877701419897, 48.884135850810615], [2.3689483968292424, 48.88418167274422], [2.3689046026746783, 48.88413794415201]]], [[[2.3686465324178605, 48.8839485000521], [2.3686790332784238, 48.88397484096002], [2.368684607514198, 48.883953273005666], [2.3686629266709085, 48.883944408226746], [2.368660130137166, 48.883946407973696], [2.3686465324178605, 48.8839485000521]]], [[[2.36907203150522, 48.88417092714799], [2.369096159682787, 48.88418918203057], [2.3691452192229825, 48.8842356021002], [2.369100095957636, 48.884182251872936], [2.3690753750960916, 48.88416440575968], [2.36907203150522, 48.88417092714799]]], [[[2.368696753568082, 48.88397936358449], [2.368734393733616, 48.88398896991182], [2.36871360623181, 48.88396512975671], [2.368700187657718, 48.88395964325462], [2.368696753568082, 48.88397936358449]]], [[[2.368890446991436, 48.8840309089473], [2.368911294768976, 48.88404595846324], [2.3689510987794447, 48.88406223294754], [2.368916959615508, 48.88403434743016], [2.368890446991436, 48.8840309089473]]], [[[2.3699332073600434, 48.88306129515418], [2.3701165200210585, 48.88292964300184], [2.369980506806547, 48.883022561790305], [2.3699332073600434, 48.88306129515418]]], [[[2.3689154375623422, 48.88413878727493], [2.36896737268412, 48.88417925554194], [2.3689346101081323, 48.884140280489916], [2.3689154375623422, 48.88413878727493]]], [[[2.3689138154634284, 48.88406829485158], [2.368930879966518, 48.88408305102632], [2.3689677431558063, 48.8840973683562], [2.368982981982594, 48.884103553305415], [2.3689672357409157, 48.88409164056459], [2.3689138154634284, 48.88406829485158]]], [[[2.368901636192439, 48.884042008968464], [2.3689672357409157, 48.88409164056459], [2.3689741537144124, 48.88409466369168], [2.3689787980044663, 48.88409468816927], [2.368911294768976, 48.88404595846324], [2.368901636192439, 48.884042008968464]]], [[[2.3690260954499935, 48.88417273823551], [2.3691027847052206, 48.88423169485938], [2.369029112088675, 48.88416799129661], [2.3690260954499935, 48.88417273823551]]], [[[2.3686790332784238, 48.88397484096002], [2.3686436090167002, 48.88396580028574], [2.368695252669871, 48.88398798561583], [2.368696753568082, 48.88397936358449], [2.3686790332784238, 48.88397484096002]]], [[[2.368982981982594, 48.884103553305415], [2.3690240346402986, 48.884134613888584], [2.369025189904246, 48.8841281780961], [2.369001480255585, 48.88411106215329], [2.368982981982594, 48.884103553305415]]], [[[2.3689012577724293, 48.884071546277696], [2.3689113828289736, 48.884078862614444], [2.3689373903423885, 48.88409438988496], [2.368943343220952, 48.88409490689791], [2.3689459561656134, 48.884099504541005], [2.3689587243654886, 48.884107127086146], [2.368930879966518, 48.88408305102632], [2.3689012577724293, 48.884071546277696]]], [[[2.3689894248518315, 48.88414454712002], [2.369018272780267, 48.88416672457763], [2.3690195332612385, 48.884159708374504], [2.369003243329361, 48.884145621798005], [2.3689894248518315, 48.88414454712002]]], [[[2.3690377908367517, 48.88415433398516], [2.3690499213907033, 48.88416157634157], [2.3690709225669626, 48.88417308958204], [2.36907203150522, 48.88417092714799], [2.3690426361075136, 48.88414868836217], [2.3690414372291566, 48.884148594809425], [2.3690377908367517, 48.88415433398516]]], [[[2.3689046026746783, 48.88413794415201], [2.3689154375623422, 48.88413878727493], [2.3688618503482974, 48.88409984722485], [2.3689046026746783, 48.88413794415201]]], [[[2.3689587243654886, 48.884107127086146], [2.368972787584928, 48.88411928816513], [2.369021949202548, 48.88414624019215], [2.3690221700502323, 48.88414500747913], [2.3689587243654886, 48.884107127086146]]], [[[2.368695252669871, 48.88398798561583], [2.3687632200387903, 48.88402202738304], [2.3687564670378274, 48.88401428364478], [2.368695252669871, 48.88398798561583]]], [[[2.3689787980044663, 48.88409468816927], [2.369001480255585, 48.88411106215329], [2.3690201603685646, 48.88411864480204], [2.369011364621608, 48.884111459587714], [2.3689822969029763, 48.88409470661], [2.3689787980044663, 48.88409468816927]]], [[[2.3690221700502323, 48.88414500747913], [2.369026191011008, 48.88414740739027], [2.3690414372291566, 48.884148594809425], [2.3690416794217053, 48.88414796385875], [2.3690240346402986, 48.884134613888584], [2.3690221700502323, 48.88414500747913]]], [[[2.3688875331808092, 48.88406621466729], [2.368904549790391, 48.884079296046046], [2.368931657276754, 48.884093513400025], [2.3689113828289736, 48.884078862614444], [2.3688951609715714, 48.88406917768839], [2.3688875331808092, 48.88406621466729]]], [[[2.3688649945449947, 48.88405746051858], [2.3688875331808092, 48.88406621466729], [2.368878267611493, 48.88405909171772], [2.3688543748533784, 48.88404482654592], [2.3688649945449947, 48.88405746051858]]], [[[2.3689129033982415, 48.88408571810713], [2.368916252672179, 48.884088293447846], [2.368950147330816, 48.88410687593362], [2.3689459561656134, 48.884099504541005], [2.3689373903423885, 48.88409438988496], [2.368932521790883, 48.88409396672106], [2.368933440498762, 48.88409444910616], [2.3689322520672826, 48.884093943715534], [2.3689129033982415, 48.88408571810713]]], [[[2.369018272780267, 48.88416672457763], [2.3690136868825094, 48.88419226648214], [2.3690260954499935, 48.88417273823551], [2.369018272780267, 48.88416672457763]]], [[[2.3688591852596486, 48.884044421126085], [2.368878267611493, 48.88405909171772], [2.3688951609715714, 48.88406917768839], [2.3689012577724293, 48.884071546277696], [2.3688706650047178, 48.88404943783323], [2.3688591852596486, 48.884044421126085]]], [[[2.368950147330816, 48.88410687593362], [2.3690005861408987, 48.884143324402196], [2.368972787584928, 48.88411928816513], [2.368950147330816, 48.88410687593362]]], [[[2.3688862440255836, 48.88403036338407], [2.368890446991436, 48.8840309089473], [2.368814492364425, 48.88397607766398], [2.3688862440255836, 48.88403036338407]]], [[[2.3690038277856766, 48.884145667146626], [2.3690199603186044, 48.88415732560944], [2.3690218014690414, 48.88414706589528], [2.3690038277856766, 48.884145667146626]]], [[[2.368867072645599, 48.88402787730975], [2.368901636192439, 48.884042008968464], [2.3688862440255836, 48.88403036338407], [2.368867072645599, 48.88402787730975]]], [[[2.3688666332052075, 48.88405940990491], [2.3688692531833238, 48.88406252639492], [2.368906909667547, 48.88408317109569], [2.3689129033982415, 48.88408571810713], [2.368904549790391, 48.884079296046046], [2.3688666332052075, 48.88405940990491]]], [[[2.369025189904246, 48.8841281780961], [2.369044054628712, 48.88414179619938], [2.36904511905221, 48.88413903098168], [2.3690260395024003, 48.884123447615735], [2.369025189904246, 48.8841281780961]]], [[[2.3698189444219926, 48.88313293409965], [2.3699332073600434, 48.88306129515418], [2.3698443748524842, 48.88311556163292], [2.3698189444219926, 48.88313293409965]]], [[[2.3692461945837255, 48.88352726446493], [2.36927976209908, 48.883503257482346], [2.369281264452504, 48.883500248152295], [2.369249542975902, 48.88352191761551], [2.3692461945837255, 48.88352726446493]]], [[[2.3689510987794447, 48.88406223294754], [2.369011364621608, 48.884111459587714], [2.3690166243019624, 48.88411449105997], [2.368953416407501, 48.8840631804634], [2.3689510987794447, 48.88406223294754]]], [[[2.36904511905221, 48.88413903098168], [2.369075613920074, 48.88416394026736], [2.369100095957636, 48.884182251872936], [2.3690455315966514, 48.88413795845974], [2.36904511905221, 48.88413903098168]]], [[[2.368916959615508, 48.88403434743016], [2.368918076056171, 48.884034491811256], [2.3687664172127967, 48.883911378409486], [2.368916959615508, 48.88403434743016]]], [[[2.3687880604464713, 48.883995571531685], [2.368804258015352, 48.88400219413549], [2.368806629918833, 48.88400316352422], [2.3687881304589538, 48.88398979552125], [2.3687880604464713, 48.883995571531685]]], [[[2.3690416794217053, 48.88414796385875], [2.3690426361075136, 48.88414868836217], [2.3690549273735035, 48.88414964436868], [2.369044054628712, 48.88414179619938], [2.3690416794217053, 48.88414796385875]]], [[[2.368847903950067, 48.884050822423944], [2.3688569853628874, 48.88405434979398], [2.3687958801467217, 48.88402230119517], [2.368847903950067, 48.884050822423944]]], [[[2.369293673013405, 48.88349330865632], [2.3693416424575706, 48.88345900107944], [2.3692944755461736, 48.88349122284637], [2.369293673013405, 48.88349330865632]]], [[[2.3690195332612385, 48.884159708374504], [2.369029112088675, 48.88416799129661], [2.3690308762067325, 48.884165214477896], [2.3690199603186044, 48.88415732560944], [2.3690195332612385, 48.884159708374504]]], [[[2.3701165200210585, 48.88292964300184], [2.3701672966073652, 48.88289495414632], [2.3701524209308378, 48.88290385927817], [2.3701165200210585, 48.88292964300184]]], [[[2.3687088289815064, 48.883959651046474], [2.3687136148709587, 48.88396509203052], [2.3687152222257666, 48.88395848685201], [2.3687088289815064, 48.883959651046474]]], [[[2.3690549273735035, 48.88414964436868], [2.3690753750960916, 48.88416440575968], [2.369075613920074, 48.88416394026736], [2.3690566834587954, 48.884149781327345], [2.3690549273735035, 48.88414964436868]]], [[[2.3701672966073652, 48.88289495414632], [2.370194114309756, 48.88287391514526], [2.3701810395673353, 48.882883305499064], [2.3701672966073652, 48.88289495414632]]], [[[2.3690237292105847, 48.88414721634967], [2.3690375114215896, 48.884154773183006], [2.3690377908367517, 48.88415433398516], [2.369026191011008, 48.88414740739027], [2.3690237292105847, 48.88414721634967]]], [[[2.3690166243019624, 48.88411449105997], [2.3690233207626084, 48.8841199277103], [2.3690264445258524, 48.884121195136906], [2.3690266141726717, 48.8841202490394], [2.3690166243019624, 48.88411449105997]]], [[[2.368734393733616, 48.88398896991182], [2.3687564670378274, 48.88401428364478], [2.368757133122618, 48.88401456954537], [2.368734680572374, 48.883989043370384], [2.368734393733616, 48.88398896991182]]], [[[2.3690201603685646, 48.88411864480204], [2.3690260395024003, 48.884123447615735], [2.369026245657311, 48.884122302059986], [2.3690233207626084, 48.8841199277103], [2.3690201603685646, 48.88411864480204]]], [[[2.3688569853628874, 48.88405434979398], [2.3688666332052075, 48.88405940990491], [2.3688649945449947, 48.88405746051858], [2.3688569853628874, 48.88405434979398]]], [[[2.3690218014690414, 48.88414706589528], [2.3690237292105847, 48.88414721634967], [2.369021949202548, 48.88414624019215], [2.3690218014690414, 48.88414706589528]]], [[[2.3690005861408987, 48.884143324402196], [2.369003243329361, 48.884145621798005], [2.3690038277856766, 48.884145667146626], [2.3690005861408987, 48.884143324402196]]], [[[2.368931657276754, 48.884093513400025], [2.3689322520672826, 48.884093943715534], [2.368932521790883, 48.88409396672106], [2.368931657276754, 48.884093513400025]]], [[[2.3687632200387903, 48.88402202738304], [2.368763308801933, 48.88402212947503], [2.36876406582024, 48.88402245092878], [2.3687632200387903, 48.88402202738304]]], [[[2.36871360623181, 48.88396512975671], [2.3687136713664376, 48.883965156180615], [2.3687136148709587, 48.88396509203052], [2.36871360623181, 48.88396512975671]]]], ""type"": ""MultiPolygon""}";48.883331921025245, 2.369301613374635
CP002718;;75018;10;1;S.A.G.P;REAMENAGEMENT_VOIRIE;;Avenue de la porte de la Chapelle;depuis Bld Ney entrée du Bld périphérique;2024-12-04;2025-01-06;RESTREINTE;Réduction de voirie et fermeture de la bretelle périphérique.;1;1;;"{""coordinates"": [[[2.358535179676227, 48.89972124205038], [2.358633020957345, 48.89971370998101], [2.358688044287344, 48.89921455892632], [2.3589062352406565, 48.89902507842694], [2.3589179517509837, 48.89873513959908], [2.3578674145381977, 48.898716085668354], [2.3578625152005332, 48.898783188860975], [2.3585709957556604, 48.89879772686938], [2.358535179676227, 48.89972124205038]]], ""type"": ""Polygon""}";48.89902800680006, 2.35859953395192
CP002690;;75014;12;1;S.T.V;REAMENAGEMENT_SECTEUR;Végétalisation de la rue Delambre.;rue Delambre;Depuis la place Stephane Hessel jusqu'au square Delambre.;2024-11-04;2025-03-03;BARRAGE_TOTAL;Fermeture du tronçon dans sa totalité le temps des travaux. Mise en impasse de la rue Delambre depuis le bld Raspail jusqu'au square Delambre.;1;2;;"{""coordinates"": [[[[2.3250780245367246, 48.84133068343667], [2.3274458102644395, 48.841652321584434], [2.327462817575786, 48.84158579579296], [2.327304442399685, 48.84156342215167], [2.327321441828033, 48.841507125715665], [2.327195611560103, 48.84148493582895], [2.327178612002978, 48.84154123224823], [2.325111368759565, 48.84126910849139], [2.3250780245367246, 48.84133068343667]]], [[[2.3274458102644395, 48.841652321584434], [2.327445679667156, 48.84165283348856], [2.3274497479282386, 48.84165285636089], [2.3274458102644395, 48.841652321584434]]]], ""type"": ""MultiPolygon""}";48.84146332644451, 2.326334819553636
CP002702;;75019;9;1;;REAMENAGEMENT_VOIRIE;Végétalisation de la rue;Rue de Lagny;Depuis la Rue Buzenval jusqu'à la Rue Huguenet;2024-11-04;2024-12-20;;Inversion de sens de la rue;1;2;;"{""coordinates"": [[[2.4041080336889507, 48.848895972070245], [2.40290791593637, 48.84887924782835], [2.402895278634871, 48.8489167786084], [2.4049531087092446, 48.84900490494217], [2.4049694148394116, 48.849002300572465], [2.404970181336725, 48.84893517220894], [2.404107910873972, 48.8489067124283], [2.4041080336889507, 48.848895972070245]]], ""type"": ""Polygon""}";48.84893424656242, 2.4040196692875875
CP002712;;75018;9;1;Mission Vélo;TRAVAUX_PREPARATOIRES;;Rue Damrémont;Entre la Rue Marcadet et la Rue Lamarck;2024-11-26;2024-12-19;RESTREINTE;Déviation Vélo et Suppression des places stationnement.;1;2;;"{""coordinates"": [[[2.3348530534818965, 48.89163954504464], [2.3349387007888085, 48.891629279225825], [2.3343246697054827, 48.89060548362548], [2.334267319888071, 48.89063201684425], [2.3342713919787967, 48.8906320394836], [2.3348530534818965, 48.89163954504464]]], ""type"": ""Polygon""}";48.89115021237207, 2.334610993818094
CP002716;;75019;9;1;sagp;REAMENAGEMENT_VOIRIE;Aménagements Cyclables;Quai de la Loire;;2025-02-03;2025-02-24;RESTREINTE;Fermeture du Quai de la Loir entre Henry Noguères et Jaurès;2;1;;"{""coordinates"": [[[[2.372870869295068, 48.8843458565617], [2.373435988687262, 48.884585629536076], [2.3710052740056535, 48.883279643912076], [2.370939517326749, 48.883330318194346], [2.372870869295068, 48.8843458565617]]], [[[2.3730434111628225, 48.884436578645854], [2.3741479806405636, 48.88501734452911], [2.3742421707174857, 48.884972187950396], [2.3730434111628225, 48.884436578645854]]], [[[2.372870869295068, 48.8843458565617], [2.3722658380104735, 48.88408914410812], [2.3730434111628225, 48.884436578645854], [2.372870869295068, 48.8843458565617]]], [[[2.373435988687262, 48.884585629536076], [2.373634784396217, 48.88469243408194], [2.373675564055475, 48.884687276636896], [2.373435988687262, 48.884585629536076]]]], ""type"": ""MultiPolygon""}";48.88410170787523, 2.372473447977562
CP002722;;75010;11;1;SAGP;REAMENAGEMENT_VOIRIE;Aménagement des abord de Gare du Nord;rue de Dunkerque;du n°9 au 23;2024-11-25;2025-02-10;RESTREINTE;"Reduction de la largeur de la voie et du trottoir impair.
Contresens cyclable maintenu.";2;2;;"{""coordinates"": [[[2.356990046255929, 48.879567441309376], [2.3571064176884757, 48.879539870434606], [2.3570988884179966, 48.8794901535954], [2.3570647994848004, 48.87944834943655], [2.356556469037002, 48.87956645355063], [2.35634030899057, 48.879597514629005], [2.356003820146487, 48.87964672503202], [2.3557308308383815, 48.87966405316727], [2.355048075505703, 48.87973019296538], [2.3550774101221674, 48.87982701929831], [2.355953657734934, 48.87975252240239], [2.356322879115386, 48.87969006200915], [2.3563249147376437, 48.87969007295395], [2.356990046255929, 48.879567441309376]]], ""type"": ""Polygon""}";48.87966758071807, 2.3560512901862016
CP002649;;75012;14;1;Fayolle;REAMENAGEMENT_VOIRIE;;;Place Félix Eboué.;2024-08-01;2025-08-29;RESTREINTE;Plusieurs voies réduites pour la circulation et création de voies cyclables provisoires le temps des travaux.;1;2;;"{""coordinates"": [[[2.395466747299581, 48.84010052209265], [2.3966265139160634, 48.83971969025336], [2.397375254949208, 48.839701981542916], [2.397361093570681, 48.83951930757824], [2.3970034932857303, 48.8394852813882], [2.3967946992897926, 48.839247919781215], [2.397661800578051, 48.83884411943166], [2.397501075133948, 48.83867144831366], [2.3958502085414652, 48.839307601531864], [2.3962517692855934, 48.83976076461167], [2.3960725330410964, 48.83978134197787], [2.395403031195249, 48.83998204567209], [2.395466747299581, 48.84010052209265]]], ""type"": ""Polygon""}";48.839379679853586, 2.39662252961462
CP002685;;75010;11;1;SAGP .DST;REAMENAGEMENT_SECTEUR;Elargissement du trottoir et aménagement de la piste cyclable.;Rue Louis Blanc;du 50 au 52;2024-10-14;2025-02-26;BARRAGE_TOTAL;;2;2;;"{""coordinates"": [[[2.363169175758722, 48.88224695506083], [2.363076524469573, 48.882165905671435], [2.3622813189155103, 48.882602050725154], [2.362339234723973, 48.882693657287575], [2.363169175758722, 48.88224695506083]]], ""type"": ""Polygon""}";48.882425002699634, 2.3627212179717345
CP002704;;75010;11;1;Eau de PARIS;INSPECTION_ENTRETIEN_RESEAU;;148 quai de Jemmapes;;2024-09-20;2025-02-28;IMPASSE;Quai Jemmapes fermé depuis le pont Maria Casarès jusqu'au 150 quai Jemmapes.;2;2;;"{""coordinates"": [[[2.3659513959409657, 48.87757496031595], [2.366045417611009, 48.877543235162435], [2.365932839806638, 48.877427173583136], [2.3656792383725844, 48.877525183896154], [2.3657193264900496, 48.87757641635876], [2.3658500833819294, 48.87753683066461], [2.3658502141645816, 48.87752608972539], [2.3659513959409657, 48.87757496031595]]], ""type"": ""Polygon""}";48.877511959501966, 2.3658727041610015
CP002710;;75018;9;1;Mission Vélo;TRAVAUX_PREPARATOIRES;travaux préparatoires dépose de gallinette et mise en conformité des quai des bus;1Rue Damrémont;Angle Damrémont et Joseph de Maistre;2024-10-04;2024-11-26;;"Impacte sur la circulation rentrante de Paris 
déviation par la rue des Clois";2;2;;"{""coordinates"": [[[[2.332592321549073, 48.886925132977545], [2.332567892111679, 48.886924996803955], [2.332645892705734, 48.88751081232192], [2.3327232536894136, 48.8875112434718], [2.332674750010925, 48.88729411821065], [2.3326995809814655, 48.887452036494786], [2.332592321549073, 48.886925132977545]]], [[[2.332592321549073, 48.886925132977545], [2.332674750010925, 48.88729411821065], [2.3326167509864937, 48.88692526914613], [2.332592321549073, 48.886925132977545]]]], ""type"": ""MultiPolygon""}";48.88724082630918, 2.3326386799528103
CP002711;;75018;9;1;Mission Vélo;TRAVAUX_PREPARATOIRES;;;;2024-11-26;2024-12-19;RESTREINTE;;;2;;"{""coordinates"": [[[2.332646316870952, 48.887795449215766], [2.3326911735187297, 48.887790328431755], [2.3325499198605097, 48.88705647284538], [2.3325131716683374, 48.88706432417302], [2.3325171058088667, 48.88707508678159], [2.332646316870952, 48.887795449215766]]], ""type"": ""Polygon""}";48.88744070421021, 2.332603272096946
CP002715;;75019;9;1;SAGP;REAMENAGEMENT_VOIRIE;Aménagements  cyclables;Boulevard de la Villette entre Jean Jaurès et Faubourg Saint Martin;;2025-01-13;2025-02-03;RESTREINTE;Déviation des cyclistes venant de Lafayette dans la circulation général;2;1;;"{""coordinates"": [[[2.3737349467453543, 48.883812203351575], [2.373764479675411, 48.883726429823376], [2.370870029088026, 48.883015780990426], [2.370827921770169, 48.88313102442922], [2.37084821312227, 48.88313650184674], [2.3708238502504204, 48.88313100303285], [2.3737349467453543, 48.883812203351575]]], ""type"": ""Polygon""}";48.883403910047754, 2.3722255707302615
CP000139;;75013;14;3;SEMAPA;REAMENAGEMENT_SECTEUR;;Secteur quai d'Ivry;;2012-01-01;2024-12-20;RESTREINTE;Réduction de la circulation selon les phases;2;4;http://xdir-CGPub-prd.ressources.paris.mdp/PdfEtImages/ChantiersPerturbants/Pdf/Plaquette d'info riv opé SEG11 BEC Bruneseau - 13ème.pdf;"{""coordinates"": [[[2.386040410939928, 48.82726045950963], [2.389009733862189, 48.82510049591564], [2.381913601308459, 48.82268480304111], [2.3797250134650096, 48.824789551026136], [2.382560534273686, 48.82574947645586], [2.386040410939928, 48.82726045950963]]], ""type"": ""Polygon""}";48.824945580960076, 2.384284439827768
CP002676;;75015;13;2;C.P.C.U;TRAVAUX_URGENCE;;60 rue Lecourbe;;2024-10-07;2024-12-20;RESTREINTE;"Emprise sur chaussée avec réduction de voirie.
Passage piéton fermé durant la durée des travaux et déviation piétonne mise en place.";2;2;;"{""coordinates"": [[[2.30654439461745, 48.843811213666804], [2.3065768780977405, 48.84381610114423], [2.3065674926063813, 48.84383350163562], [2.3068187644368607, 48.84390679110319], [2.306857992099712, 48.84386338116488], [2.306563041911818, 48.8437858112424], [2.3065568231695277, 48.84379450264244], [2.30654439461745, 48.843811213666804]]], ""type"": ""Polygon""}";48.84384703195849, 2.3067034136171336
CP002728;;75010;11;1;SAGP;REAMENAGEMENT_VOIRIE;Aménagement des abords de Gare du Nord;rue de Valenciennes;du 7 au 15;2025-04-14;2025-05-06;RESTREINTE;;2;1;;"{""coordinates"": [[[2.3554287196430463, 48.878169253140285], [2.3550251208702284, 48.878214071340714], [2.3545766917721127, 48.87826267370818], [2.3544975251001286, 48.87824479260284], [2.3544319251308905, 48.87828203279961], [2.354504852020841, 48.878310621040605], [2.3554444046285794, 48.878217672260206], [2.3554287196430463, 48.878169253140285]]], ""type"": ""Polygon""}";48.87824291245638, 2.354950539060817
CP002113;423774;75007;12;3;SAS 40 rue des Sts Pères;REHABILITATION_IMMEUBLE;;40 rue des Sts-Pères;juste avant le bd St Germain;2021-07-12;2025-05-15;RESTREINTE;Maintien d'une file de circulation.;2;4;;"{""coordinates"": [[[2.3305087410876553, 48.854703841223184], [2.330597271667162, 48.85489583072162], [2.33065580837902, 48.85488368952832], [2.3305742479978915, 48.85468380316091], [2.3305087410876553, 48.854703841223184]]], ""type"": ""Polygon""}";48.85478929337244, 2.3305830937444014
CP002476;810335;75016;13;1;RIVP;CONSTRUCTION_IMMEUBLE;Démolition et construction d'un immeuble;Rue du Docteur Blanche;Entre la rue Henri Heine et la rue l'Yvette;2023-03-27;2026-07-06;SENS_UNIQUE;Mise à sens unique de la rue du Docteur Blanche de la rue Henri Heine à la rue l'Yvette;2;2;;"{""coordinates"": [[[2.2648918367875766, 48.85302756673262], [2.2647940376200824, 48.85304038613571], [2.265029036597828, 48.853393454553206], [2.2650001497441274, 48.853422802281955], [2.2653026287123583, 48.85389438693988], [2.2654659198395364, 48.85385244312589], [2.265366586732197, 48.853685415332926], [2.2653098739999864, 48.85366896224454], [2.2648918367875766, 48.85302756673262]]], ""type"": ""Polygon""}";48.85351124901634, 2.265144855721094
CP002644;;75014;12;3;RATP;CREATION_ENTRETIEN_OUVRAGE_ART;Création d'une sortie de métro piétonne.;Rue Niepce;;2024-03-01;2026-07-31;BARRAGE_TOTAL;;1;2;;"{""coordinates"": [[[2.3178901491779564, 48.835308001945826], [2.3189344561423457, 48.83446000732315], [2.318745808937063, 48.83457708891329], [2.3189674159672196, 48.83442797048929], [2.3188705700426113, 48.834368341057065], [2.3177773129762183, 48.835226797195716], [2.3178901491779564, 48.835308001945826]]], ""type"": ""Polygon""}";48.83484937402215, 2.3183568054757377
CP002647;;75015;13;3;ENEDIS;ENTRETIEN_RESEAU;Travaux HTA sur réseau.;Avenue Ernest Renan angle rue d'Oradour sur Glane;;2024-09-16;2024-11-29;RESTREINTE;Travaux en demi chaussée et sur trottoir avec maintient du cheminement piéton.;2;2;;"{""coordinates"": [[[2.2853475627534983, 48.83096318770699], [2.285498893784224, 48.830902327957205], [2.285502961187371, 48.830902352256246], [2.2855110959935767, 48.830902400853965], [2.2849429668567747, 48.83050962490061], [2.2840147506001944, 48.83086659865929], [2.2841873150449867, 48.83103681009567], [2.2849525894448575, 48.83069765888342], [2.2853475627534983, 48.83096318770699]]], ""type"": ""Polygon""}";48.83077560224916, 2.2847224385561113
CP002680;;75015;12;3;R.A.T.P;TRAVAUX_OUVRAGE;Travaux de réfaction et d'agrandissement du réseaux de ventilation RATP.;42 boulevard du Montparnasse.;du 42 au 48 angle rue d'Alençon.;2024-10-07;2026-02-16;RESTREINTE;Fermeture du couloir de BUS RATP et renvoie des BUS dans la circulation générale. Réduction de la largeur du trottoir du 42 au 44.;2;2;;"{""coordinates"": [[[2.320606522927883, 48.84489093261104], [2.321090737865782, 48.84473054679169], [2.3210658001525717, 48.844692810964936], [2.3208093891972212, 48.844777957056245], [2.320811379697762, 48.844781325681645], [2.320788416547717, 48.84474829928414], [2.3205524409300247, 48.84482617706741], [2.320606522927883, 48.84489093261104]]], ""type"": ""Polygon""}";48.8447949508643, 2.3207923341848087
CP002691;;75014;12;1;S.T.V;REAMENAGEMENT_SECTEUR;Végétalisation de la rue Delambre.;Rue Delambre;Depuis le boulevard Raspail au square Delambre.;2025-01-06;2025-03-03;BARRAGE_TOTAL;Fermeture totale du tronçon depuis le square Delambre au boulevard Raspail. Mise en place d'une déviation et maintient des livraisons pour les magasins.;1;1;;"{""coordinates"": [[[2.327277175586346, 48.841633381565885], [2.3292711159414616, 48.84191311229991], [2.3293412746686784, 48.84183563051346], [2.3273107239829534, 48.841555695049784], [2.327277175586346, 48.841633381565885]]], ""type"": ""Polygon""}";48.841735690657124, 2.328309808047438
CP002703;;75010;11;1;;REAMENAGEMENT_VOIRIE;Sécurisation de création d'un ilot central pour les piétons;Faubourg Saint Martin;De la Sibour jusqu'à la la Rue Saint Laurent;2024-11-12;2024-12-09;RESTREINTE;Reduction de nombre de voies de circulations.;2;2;;"{""coordinates"": [[[2.3587505756758156, 48.87437547462226], [2.35869135299833, 48.87439126896236], [2.359007097249906, 48.874866908334575], [2.3590806331317062, 48.87484581964541], [2.3590745268309763, 48.87484578695135], [2.3590684205302543, 48.87484575425699], [2.3587505756758156, 48.87437547462226]]], ""type"": ""Polygon""}";48.87462382590562, 2.3588820370833816
CP002717;;75004;11;2;FRAICHEUR DE PARIS;RACCORDEMENT_RESEAU;;Pont au Change;"Du Quai de la Mégisserie jusqu'au Pont
au Change";2025-01-06;2025-01-31;;Réduction de nombre des voies et renvois de la circulation général sur la voie de bus.;1;1;;"{""coordinates"": [[[2.346825472897733, 48.857545190252836], [2.3469095838844574, 48.85732814039958], [2.346909752168777, 48.85731471490576], [2.346207449568669, 48.8575015360042], [2.3462196243936693, 48.857504287983694], [2.3461130813072355, 48.85756278240869], [2.3461171508186416, 48.85756280464588], [2.346825472897733, 48.857545190252836]]], ""type"": ""Polygon""}";48.85747159193341, 2.346592073144148
CP002723;;75010;11;1;SAGP;REAMENAGEMENT_VOIRIE;Aménagement des abords de Gare du Nord;rue de Dunkerque;du n°25 au 31;2025-02-10;2025-06-06;RESTREINTE;"Circulation restreinte
Reduction de la largeur de la voie et du trottoir impair. Contresens cyclable maintenu.";2;1;;"{""coordinates"": [[[2.3545565871009146, 48.87980273103191], [2.3536756032230848, 48.880094697390184], [2.3534444064216147, 48.88018877548703], [2.3525703331922796, 48.88041498218547], [2.352594142113285, 48.88046478822619], [2.353559347963645, 48.88027666644886], [2.3546237479613463, 48.87996823564009], [2.3545565871009146, 48.87980273103191]]], ""type"": ""Polygon""}";48.88013085922085, 2.353775419687256
CP002670;;75020;10;1;S.A.G.P;REAMENAGEMENT_VOIRIE;Végétalisation des rues.;rue Paganini - rue Schubert;;2024-10-01;2025-01-31;RESTREINTE;;2;2;;"{""coordinates"": [[[2.4111871971088936, 48.85121520640693], [2.4111258621165996, 48.85124175825165], [2.411141530065947, 48.851295540961], [2.4116944332366548, 48.85133854000611], [2.4116950395316272, 48.85128483739409], [2.411390181984455, 48.85125648525257], [2.411349069603288, 48.85129387673286], [2.411251510268534, 48.85128534124165], [2.4111871971088936, 48.85121520640693]]], ""type"": ""Polygon""}";48.85128978864833, 2.4114239862239404
CP002678;;75001;11;2;FRAICHEUR DE PARIS;ENTRETIEN_RESEAU;;rue Richelieu-rue Montpensier-place André Malraux;;2024-11-04;2024-12-20;RESTREINTE;maintient du contre sens cyclable entre la rue Richelieu et le Bld de l'Opera. Réduction de voirie rue Richelieu et rue de Montpensier.;1;2;;"{""coordinates"": [[[[2.335838400266877, 48.86388357146064], [2.3358979528745145, 48.86386888733898], [2.3357691653326147, 48.86364755293337], [2.33567517599786, 48.863677240310174], [2.335743676542661, 48.86381121402028], [2.335622360074301, 48.86390922504451], [2.33530001201233, 48.863893336992525], [2.3352852202050616, 48.86393621933415], [2.3353648173223984, 48.8639977522291], [2.335838400266877, 48.86388357146064]]], [[[2.335901987933342, 48.86387582120979], [2.3359710664864877, 48.864092417348665], [2.3360011624313906, 48.86404626258055], [2.335901987933342, 48.86387582120979]]], [[[2.3358979528745145, 48.86386888733898], [2.335901987933342, 48.86387582120979], [2.3358996430100882, 48.86386847042717], [2.3358979528745145, 48.86386888733898]]]], ""type"": ""MultiPolygon""}";48.86386594301921, 2.335663097818159
CP002693;;75007;12;2;Fraicheur de PARIS;ENTRETIEN_RESEAU;;Boulevard des invalides (du 42 au48);;2024-10-21;2024-12-20;RESTREINTE;Mise en inversion de sens de la rue Oudinot depuis la rue Monsieur jusqu'à la rue Rousselet(21/10 au 03/11), fermeture de la rue Oudinot depuis la rue Monsieur jusqu'au bld des Invalides(04/11 au 26/11);2;2;;"{""coordinates"": [[[2.315078870571367, 48.8498085202694], [2.315245497939225, 48.849514088121474], [2.317596862078717, 48.8501720001848], [2.317679008553422, 48.850113391540035], [2.315327365156117, 48.84947696157367], [2.315453726260416, 48.84915007453347], [2.315185975413442, 48.84908946507459], [2.3148191839482406, 48.84975332628701], [2.315078870571367, 48.8498085202694]]], ""type"": ""Polygon""}";48.8496186191537, 2.3157586104502643
CP002694;;75004;11;1;S.T.V;REFECTION_CHAUSSEE;Réfection du tapis de roulement.;boulevard Bourdon;Du 41 au 1;2024-10-28;2024-12-13;RESTREINTE;Rabotage de la chaussée avec réduction de la vitesse sur tout le bd Bourdon. Réfection du tapis le 29/11/2024.;2;2;;"{""coordinates"": [[[2.36812635271719, 48.85277231705161], [2.3685764389376245, 48.852903587392944], [2.368121600776719, 48.85249302039493], [2.365937545908523, 48.847723091742274], [2.365676231093594, 48.847463915709895], [2.3655856130543724, 48.84755473617671], [2.3658233989485264, 48.84774128420244], [2.365837908115508, 48.847886368038445], [2.36812635271719, 48.85277231705161]]], ""type"": ""Polygon""}";48.85015059486678, 2.36697983047449
CP002724;;75010;11;1;SAGP;REAMENAGEMENT_VOIRIE;Aménagement des abord de Gare du Nord;rue de Compiègne;du n°1 à 3;2025-02-10;2025-06-06;BARRAGE_TOTAL;Barrage totale de la rue de Compiègne, accès au parking conservé;2;1;;"{""coordinates"": [[[2.353215621972441, 48.87959678549954], [2.353290385598802, 48.8796414959018], [2.3535646357611113, 48.8801786831209], [2.3537302614708904, 48.880119159308585], [2.3536075093515216, 48.879840574225696], [2.353358238471484, 48.87942301527593], [2.3532136210663364, 48.87959408928294], [2.353215621972441, 48.87959678549954]]], ""type"": ""Polygon""}";48.87981689595886, 2.3534805764754285
CP002727;;75010;11;1;SAGP;REAMENAGEMENT_VOIRIE;Aménagement du secteur Gare du Nord;rue de Saint Quentin;du n°11 au 13;2025-03-31;2025-04-14;RESTREINTE;;2;1;;"{""coordinates"": [[[2.3551607343940026, 48.877454204873416], [2.3551525769949384, 48.87745550363814], [2.3552518958788933, 48.8774896044333], [2.3554369034294877, 48.87816594089175], [2.355553156258444, 48.87814776979831], [2.355401312650923, 48.87742327739286], [2.355245566707303, 48.877343223528364], [2.3551607343940026, 48.877454204873416]]], ""type"": ""Polygon""}";48.87773281266921, 2.355386040308622
CP002414;729663;75014;12;2;RATP;TRAVAUX_OUVRAGE;Création d'une nouvelle sortie;av. de l'Observatoire;"av; de l'Observatoire angle Henri Barbusse";2022-11-28;2024-12-30;RESTREINTE;Neutralisation Piste cyclable;2;2;;"{""coordinates"": [[[2.3369469747875966, 48.83893101034745], [2.337005012780436, 48.838902777141215], [2.3368497858624178, 48.83877817818424], [2.3367559293691897, 48.83878836568384], [2.336725198789989, 48.838795334465104], [2.3367489948365203, 48.83919166628413], [2.336853559330189, 48.839189866288386], [2.336836852180698, 48.83894467733307], [2.3369469899230135, 48.83892982056896], [2.3369469747875966, 48.83893101034745]]], ""type"": ""Polygon""}";48.838956421787096, 2.3368184693775307
CP002707;;75013;13;1;Mission Vélo;REAMENAGEMENT_VOIRIE;Création d'une piste cyclable.;rue de  Rungis.;du 02 au 34 rue de Rungis.;2024-12-02;2024-12-12;BARRAGE_TOTAL;travaux de rabotage et de pose d'un tapis neuf 3 jours de fermeture;2;1;;"{""coordinates"": [[[2.3462582396540297, 48.8222026696471], [2.346352678395535, 48.82213068063644], [2.3462839854582374, 48.822095395709894], [2.3431638511463553, 48.82152242247393], [2.343138335995296, 48.821610900049], [2.3462582396540297, 48.8222026696471]]], ""type"": ""Polygon""}";48.821870287428844, 2.3447784520897517
CP002721;;75002;11;2;RATP;TRAVAUX_OUVRAGE;Travaux d'étanchéité sur la station métro sentier;Rue Réaumur;Numéros 95;2025-01-13;2025-04-17;RESTREINTE;Réduction des nombre des voies de circulation;2;1;;"{""coordinates"": [[[2.3460235790591892, 48.867590279251274], [2.345905345037046, 48.867605744888984], [2.3459170488413386, 48.86764608771594], [2.3462962050575475, 48.86759713944465], [2.3462726270685264, 48.8675298783212], [2.3460074340814794, 48.86757945018255], [2.3460235790591892, 48.867590279251274]]], ""type"": ""Polygon""}";48.867591195361534, 2.3461161657432594
CP002520;821159;75018;10;2;CPCU;ENTRETIEN_RESEAU;Fuite réseau chauffage urbain;rue Marc Seguin;Au n° 5;2023-07-17;2025-03-21;RESTREINTE;Voie restante à la circulation: 4 ml;2;2;;"{""coordinates"": [[[2.365157111368538, 48.89170504927307], [2.3647127868696978, 48.89174409579327], [2.3647106400047972, 48.89174265628119], [2.3647209358129233, 48.891786017722666], [2.365129201481447, 48.89174487613769], [2.365157111368538, 48.89170504927307]]], ""type"": ""Polygon""}";48.891745198160194, 2.3649247193591507
CP002709;;;13;2;CPCU;RACCORDEMENT_RESEAU;;128 Longchamp;;2024-12-02;2025-05-30;RESTREINTE;;2;1;;"{""coordinates"": [[[2.2789492154385695, 48.866968398617416], [2.279063546272679, 48.86694223455877], [2.2789868852567485, 48.86689343719477], [2.278827859221192, 48.866913961857676], [2.2789245724998772, 48.86698436200805], [2.2789492154385695, 48.866968398617416]]], ""type"": ""Polygon""}";48.86693302802301, 2.2789452976637463
CP002665;;75010;11;1;STV;REAMENAGEMENT_SECTEUR;Création de jardinières et marquage pour piste cyclable.;rue de Maubeuge;;2024-09-16;2024-12-20;RESTREINTE;Réduction de voirie avec remise en circulation dans le couloir de bus.;2;4;;"{""coordinates"": [[[2.3520169628048793, 48.88050641547057], [2.3521162707304657, 48.880378060704096], [2.3498122273791027, 48.879699629429275], [2.3496971665147943, 48.879784932106695], [2.3520169628048793, 48.88050641547057]]], ""type"": ""Polygon""}";48.88010846615958, 2.350963437051444
CP002669;;75010;11;1;R.I.V.P;REHABILITATION_IMMEUBLE;;du 23 au 27 rue Saint-Quentin;;2024-10-01;2026-06-30;RESTREINTE;emprises sur voirie, réduction de voie.;2;2;;"{""coordinates"": [[[2.35564791882072, 48.87881311365022], [2.3556830373390514, 48.87877168154402], [2.355605406727897, 48.87846514515848], [2.3555303603735296, 48.87844325970798], [2.355643832396942, 48.87881443435933], [2.35564791882072, 48.87881311365022]]], ""type"": ""Polygon""}";48.87861607788131, 2.3556125113066106
CP002672;;75020;10;1;S.A.G.P;REAMENAGEMENT_VOIRIE;Travaux en demi chaussée et végétalisation du quartier.;rue Paganini- rue Schubert;;2024-10-01;2025-01-31;RESTREINTE;;2;2;;"{""coordinates"": [[[2.4120741346078964, 48.851224938794296], [2.4125394918606045, 48.851092959643864], [2.4125936262146195, 48.85098312786101], [2.412115581002067, 48.85115801044791], [2.4120741346078964, 48.851224938794296]]], ""type"": ""Polygon""}";48.85110815130987, 2.4123515279675107
CP002679;;75001;11;2;FRAICHEUR DE PARIS;ENTRETIEN_RESEAU;;rue Montpensier- rue Richelieu;Travaux en 3 phase en demi-chaussée coté pair et impair avec hommes aide a la manœuvre pour les entrées et sorties du conseil constitutionnel.;2025-01-06;2025-01-31;RESTREINTE;;1;1;;"{""coordinates"": [[[[2.3359407638370593, 48.86382552275726], [2.3358313404097704, 48.863639170733066], [2.3357701407187688, 48.863650914709865], [2.3359185726426714, 48.86390012814947], [2.3362369545414077, 48.86382804901281], [2.3363455199096212, 48.8640119217633], [2.3364107984619586, 48.86399952829869], [2.336280721604027, 48.86374706183901], [2.3359407638370593, 48.86382552275726]], [[2.3359398710871004, 48.86382572915018], [2.3359407638370593, 48.86382552275726], [2.3359408879046897, 48.86382573479218], [2.3359398710871004, 48.86382572915018]]]], ""type"": ""MultiPolygon""}";48.86382733078258, 2.336104149988749
CP002705;;75019;9;2;C.P.C.U;CREATION_RESEAUX;Création du réseau eau chaude.;rue Maryse Hilsz;depuis la rue de Lagny jusqu'à la rue Paganini.;2024-11-12;2025-01-17;RESTREINTE;;2;2;;"{""coordinates"": [[[2.4127863531033085, 48.851074279615624], [2.4132234407722013, 48.84911615445884], [2.4129795045172404, 48.84909884597569], [2.4125830348624278, 48.85106254065702], [2.4127863531033085, 48.851074279615624]]], ""type"": ""Polygon""}";48.85005782385141, 2.412899459671164
CP002698;;75010;11;3;Eiffage;REHABILITATION_IMMEUBLE;;81 - 83 boulevard de Strasbourg;Report du terminus RATP.;2024-11-17;2025-11-14;RESTREINTE;;;2;;"{""coordinates"": [[[2.3576288525738427, 48.87571853853108], [2.3576624688576153, 48.87571603350194], [2.3576046034687477, 48.87553916730126], [2.3575719891477216, 48.875543020398716], [2.3575760504195533, 48.875543713997494], [2.3576288525738427, 48.87571853853108]]], ""type"": ""Polygon""}";48.87563107014458, 2.3576185481744227
CP002436;;;;;;;;;;;;;;;2;;"{""coordinates"": [[[2.255848205600326, 48.923135281342184], [2.2614798719419316, 48.92302742539865], [2.265159882839182, 48.92305005072622], [2.2651624226884044, 48.92287020520833], [2.2614798059169083, 48.922847563815395], [2.26147456096545, 48.92284759803639], [2.25584028770509, 48.92295550398602], [2.255848205600326, 48.923135281342184]]], ""type"": ""Polygon""}";48.92297457567503, 2.2605022793462584
CP002668;;75020;10;1;S.A.G.P;REAMENAGEMENT_VOIRIE;Création de jardinières et élargissement du trottoir.;rue des Orteaux.;du 42 des Orteaux au CF rue des Pyrénées;2024-10-07;2024-12-20;BARRAGE_TOTAL;;1;2;;"{""coordinates"": [[[2.4025507306724463, 48.85654954169328], [2.404729313340054, 48.85624622044647], [2.4048019455792975, 48.85630028713122], [2.404862435812594, 48.85617035179478], [2.4047769833069412, 48.85616992676441], [2.4046416781786477, 48.856080639204464], [2.404604779985394, 48.85610462286575], [2.4046974201910127, 48.8561883282198], [2.4030101938741186, 48.856405486829104], [2.402909232493083, 48.85633785045123], [2.402864271365415, 48.85635508061766], [2.4029019450149938, 48.85644119759818], [2.4025310467477135, 48.856491709851554], [2.4025507306724463, 48.85654954169328]]], ""type"": ""Polygon""}";48.85634687462239, 2.4037171595760487
CP002674;;75014;12;3;R.A.T.P;ENTRETIEN_RESEAU;fermeture.;rue Froidevaux.;Piste cyclable.;2024-09-16;2024-11-28;BARRAGE_TOTAL;Fermeture totale de la piste cyclable pour travaux.;1;3;;"{""coordinates"": [[[2.3231661576060287, 48.83757658587311], [2.327615348553635, 48.83609250857949], [2.327579293696639, 48.83604934028973], [2.3231749908236963, 48.8375229291164], [2.3231661576060287, 48.83757658587311]]], ""type"": ""Polygon""}";48.83679989264067, 2.32541535424261
CP002682;;75015;13;3;MACON DE FRANCE;REHABILITATION_IMMEUBLE;;rue Paul Barruel Paris 15;Du n ° 10 au  16;2024-10-21;2026-10-31;RESTREINTE;fermeture du trottoir coté pair du 10 au 16 rue Paul Barruel et renvoie des piétons coté impair. Réduction de la voirie pendant toute la durée des travaux.;2;2;;"{""coordinates"": [[[2.304594709199898, 48.839767887546316], [2.304803116222228, 48.83939314897739], [2.3048163576920717, 48.83931535041076], [2.304743388636326, 48.83929612859435], [2.3044770276648134, 48.8397457201211], [2.304594709199898, 48.839767887546316]]], ""type"": ""Polygon""}";48.83954177580066, 2.304658267792856
CP002706;;75013;14;1;Mission Vélo;REAMENAGEMENT_VOIRIE;Création d'une piste cyclable.;rue de l'Amiral Mouchez. PARIS-13;du 99 au 71 rue de l'Amiral Mouchez.;2024-11-12;2024-12-12;BARRAGE_TOTAL;fermeture ponctuel de la rue de l'Amiral Mouchez le temps des travaux.;1;2;;"{""coordinates"": [[[2.342933961028342, 48.82153190077086], [2.3428066778763954, 48.821305628604094], [2.3437755495893247, 48.820580523879265], [2.3446667119183346, 48.819564962444254], [2.3445699303634595, 48.81949998228857], [2.3438099722664734, 48.82043033088433], [2.3426442910291674, 48.82128325341571], [2.342933961028342, 48.82153190077086]]], ""type"": ""Polygon""}";48.82053971916495, 2.3436433640214376
CP002663;;75005;12;2;CPCU;ENTRETIEN_RESEAU;;place Valhubert;angle quai d'Austerlitz, pont d'Austerlitz;2024-09-16;2025-04-30;RESTREINTE;;2;2;;"{""coordinates"": [[[2.3652051804283865, 48.84434745466345], [2.3652070218504044, 48.844029252880986], [2.364975182189848, 48.84402399422843], [2.364986197794145, 48.844288558086085], [2.364986148726116, 48.84429258515942], [2.364990266276986, 48.8442885796817], [2.3652051804283865, 48.84434745466345]]], ""type"": ""Polygon""}";48.84417111487661, 2.3650970077303937
CP002684;;75010;11;1;SAGP . DST;REAMENAGEMENT_SECTEUR;Fermeture de la rue au véhicules.;Rue Vicq d'Azir;du 16 au 20;2024-10-14;2024-12-06;BARRAGE_TOTAL;Rue déjà fermée;2;2;;"{""coordinates"": [[[2.370404964066231, 48.876179117464346], [2.371080770081746, 48.876177299954215], [2.371094020538808, 48.87609144094493], [2.3704059702589904, 48.87609588043719], [2.370404964066231, 48.876179117464346]]], ""type"": ""Polygon""}";48.87613580251372, 2.3707481669408694
CP002725;;75010;11;1;SAGP;REAMENAGEMENT_VOIRIE;Aménagement des abords de Gare du Nord;rue de Saint-Quentin;entre les n°2 et 12;2024-11-25;2025-02-23;RESTREINTE;;2;2;;"{""coordinates"": [[[2.3554419919184153, 48.87717913927472], [2.355409890147314, 48.87714137245953], [2.3552488187515963, 48.8773271303737], [2.355248752278509, 48.8773324999392], [2.355240477199636, 48.877343196116726], [2.3553902009742336, 48.877416504932015], [2.355552303919614, 48.87813433906247], [2.3556661888883994, 48.878143007407424], [2.3554311663069547, 48.87723144291658], [2.3554419919184153, 48.87717913927472]]], ""type"": ""Polygon""}";48.87763333243028, 2.355476763048588
CP000753;;75013;14;2;SNCF;TRAVAUX_OUVRAGE;Couverture des voies SNCF;Av de France;côté voies SNCF entre rue Julie Daubié et rue Nicole Rein-Lepaute.;2018-07-23;2024-11-30;RESTREINTE;Les deux sens de circulations sont reportés côté pair de l'avenue.;2;4;;"{""coordinates"": [[[2.379871709032515, 48.82714237090668], [2.3811746477660307, 48.82571180087148], [2.3804182115733226, 48.82548285012793], [2.3786689133943018, 48.82665533943943], [2.379871709032515, 48.82714237090668]]], ""type"": ""Polygon""}";48.82630766425324, 2.3799694728731717
CP001421;;75016;13;3;Maison de la Radio;REHABILITATION_IMMEUBLE;installation de la base vie;Rue  Boullainvilliers;du n°2 au n°10;2019-07-01;2024-12-31;RESTREINTE;Modification des files de circulation .;2;2;;"{""coordinates"": [[[2.2780879687731894, 48.85165200691028], [2.278005620021255, 48.85160986774178], [2.276937983388899, 48.852153100104196], [2.277031015931084, 48.852204823391524], [2.2772035373126718, 48.85224512825188], [2.2772770162585245, 48.85214682034601], [2.2773646538731667, 48.85206763380218], [2.2774974768795366, 48.85198039195424], [2.277631837054627, 48.851912196037745], [2.2778039222536837, 48.8518537456313], [2.2779865439626774, 48.85181558521849], [2.2779745338979853, 48.851771490754125], [2.2780323708879635, 48.85176113104939], [2.2781821795556927, 48.85174894738235], [2.2780879687731894, 48.85165200691028]]], ""type"": ""Polygon""}";48.851920958050805, 2.277550787213821
CP002371;657955;75012;14;2;RATP;TRAVAUX_OUVRAGE;Travaux relatifs à la modernisation de la ligne 6- - Création d'ouvrage en sous-oeuvre;Place de la Nation;Entre avenue du Bel Air et avenue du Trône;2022-07-18;2025-11-28;RESTREINTE;;2;4;;"{""coordinates"": [[[2.39718197466874, 48.84798095976355], [2.3973323649379124, 48.847915090566765], [2.397254174864216, 48.84782600596514], [2.3971559410265293, 48.84773811448033], [2.396988410662728, 48.84759651586232], [2.3968185718801727, 48.84751245144689], [2.3967071568521323, 48.847574043170916], [2.396595364865238, 48.84773171990901], [2.3968357600903647, 48.84783287283599], [2.396939349356215, 48.84776081894162], [2.3969857497871954, 48.84780150487328], [2.397081826383517, 48.84775558779629], [2.3972067576333225, 48.84786448696595], [2.3971068290793753, 48.847931800149304], [2.39718197466874, 48.84798095976355]]], ""type"": ""Polygon""}";48.847721304519226, 2.396928147068433
CP002512;811445;75015;13;3;TS DIAMOND SCI;REHABILITATION_IMMEUBLE;Réhabilitation de la Tour Cristal;Quai André Citroën;Au niveau du 5 - 11 Quai André Citroën et du 1 - 5 rue de l'ingénieur Keller;2023-06-12;2025-12-31;RESTREINTE;Traversée piétonne obligatoire et provisoire au 1 rue de l'ingénieur Keller et dévié au 13 quai André Citroën car fermé au n°11.;2;2;;"{""coordinates"": [[[2.281629017580763, 48.848167721158354], [2.2809547819492324, 48.848428993424186], [2.280955960900329, 48.84847421247658], [2.2813863093462023, 48.848773055081715], [2.281435374632081, 48.84874479495245], [2.281112215455314, 48.848516793846976], [2.2811186070266922, 48.84844544517538], [2.281649960204181, 48.84821781831717], [2.281629017580763, 48.848167721158354]]], ""type"": ""Polygon""}";48.84843637487578, 2.2812529587641186
CP002628;;75012;14;1;S.A.G.P;REAMENAGEMENT_VOIRIE;Travaux en multi phases.;Place Félix Eboué-rue de Reuilly-avenue Daumesnil-avenue de Reuilly;;2024-06-17;2025-12-31;RESTREINTE;Réduction de voies par G.B.A;2;2;;"{""coordinates"": [[[2.394854653387244, 48.84046175723968], [2.3953727594077536, 48.83998638857205], [2.3953524199738676, 48.83998628576524], [2.395576777883709, 48.839933713380866], [2.3952857083163637, 48.83942471495307], [2.394680094894476, 48.839378686705246], [2.3945179414458546, 48.83932952987493], [2.3944557384692025, 48.83943125743396], [2.3940453203825336, 48.83939158401407], [2.3940239821880906, 48.83947740718985], [2.3945929546060185, 48.839525938808826], [2.3946427812020246, 48.83978935299867], [2.394238934686227, 48.839883980917115], [2.394310909168085, 48.83999175783241], [2.3947064953427075, 48.83990782984459], [2.394964284828566, 48.840129330768555], [2.394684921340531, 48.840364227136256], [2.394854653387244, 48.84046175723968]]], ""type"": ""Polygon""}";48.839782408337534, 2.3949302927175573
CP002662;;75017;9;1;Mission vélo.;REAMENAGEMENT_VOIRIE;Création de deux pistes cyclables coté pair et impair de l'avenue des ternes.;Avenue des Ternes.;;2024-09-16;2025-02-28;RESTREINTE;Travaux en multi phases a l'avancée coté pair et impair avec réduction de voie et maintient de la circulation. Travaux de nuit prévu. Aménagement de passages piétons provisoires.;2;2;;"{""coordinates"": [[[2.2819614600625857, 48.8815884567035], [2.2978976609762527, 48.877923610391484], [2.2977497183244364, 48.877724032732694], [2.2818053526857196, 48.88139418158229], [2.2819614600625857, 48.8815884567035]]], ""type"": ""Polygon""}";48.87965304714058, 2.2898731526918956
CP002696;;75018;9;1;SAGP;REAMENAGEMENT_VOIRIE;Réfection de chaussée et création d'un passage surélevé pour la sécurité des piétons et PMR;Avenue de la porte de la chapelle;;2024-11-04;2025-01-06;RESTREINTE;fermeture sortie Périphérique Porte de la Chapelle et l'autoroute A1.  ainsi que réductions de voies;1;4;;"{""coordinates"": [[[2.3591337420771947, 48.899824766873145], [2.359153475987045, 48.899826759230834], [2.359157581862569, 48.89982409584526], [2.3592010136919237, 48.8994390030591], [2.359278772650453, 48.89940853928225], [2.3592217982009753, 48.89907392733651], [2.3592482784109143, 48.89874244803871], [2.3590162301313202, 48.89873449292574], [2.3589907568025033, 48.8989840795689], [2.358950513030942, 48.89911006876451], [2.3587966860339176, 48.899199199357724], [2.3587971680857778, 48.899325405614476], [2.3588943946057737, 48.89925153921261], [2.3588734244954086, 48.89963138239631], [2.358793863934842, 48.899808179150746], [2.3590054729498666, 48.89982273775997], [2.3591337420771947, 48.899824766873145]]], ""type"": ""Polygon""}";48.89931317374321, 2.359055974196613
CP002645;;75010;11;3;SNCF;CREATION_ENTRETIEN_OUVRAGE_ART;"Création d'un passage piéton souterrain.
gare du nord-gare de l'est.";rue Lafayette et rue de l'Aqueduc;;2024-09-16;2025-02-28;RESTREINTE;"Itinéraire préconisé cyclable sur la rue de l'Aqueduc en BIDI provisoire.
Travaux impactant la circulation générale sens GDN boulevard de Stalingrad.";1;2;;"{""coordinates"": [[[2.3588276949569953, 48.879758300471934], [2.359736827877476, 48.879988726512586], [2.359744903028915, 48.87999414050632], [2.3597490073106195, 48.879991477052315], [2.3597862745284504, 48.87994065637803], [2.3588569856897044, 48.879694011228295], [2.3588276949569953, 48.879758300471934]]], ""type"": ""Polygon""}";48.87984282429404, 2.359292274047231
CP002701;;75014;12;1;Mission Vélo;REAMENAGEMENT_VOIRIE;;Bd Jourdan;entre av. David Weill et av. Pierre de Coubertin;2024-10-03;2024-12-17;BARRAGE_TOTAL;"Travaux par phases
Fermetures du bd Jourdan.";1;2;;"{""coordinates"": [[[2.3335734718107854, 48.82130048310568], [2.3337482772606695, 48.82162370368965], [2.339719528810423, 48.82023893874761], [2.3426365884001514, 48.81981460720617], [2.3447376436728784, 48.819600566462036], [2.344710783339681, 48.81914927315191], [2.340816235001515, 48.819697169945066], [2.333622269196044, 48.8213007550536], [2.3335734718107854, 48.82130048310568]]], ""type"": ""Polygon""}";48.820247135136334, 2.339443039288135
CP002708;;75016;13;2;CPCU;RACCORDEMENT_RESEAU;;128  Rue Lonchamp;croisement de la Rue  Longchamp et la Rue  Victor Hugo;2024-10-02;2024-12-30;RESTREINTE;Mise en sens unique  des Rues Longchamp et Victor Hugo;2;2;;"{""coordinates"": [[[2.278416399376677, 48.86723371717523], [2.2788172653820182, 48.86709112752656], [2.2787280976613826, 48.867063736514815], [2.2784257300353743, 48.867147844147105], [2.278401012470106, 48.86716917699709], [2.27844511282421, 48.86721777843113], [2.278440968199359, 48.86722312436156], [2.278416399376677, 48.86723371717523]]], ""type"": ""Polygon""}";48.86713794756173, 2.2785872963104277
CP002664;;75005;12;2;ESPCI;REHABILITATION_IMMEUBLE;;rue Rataud, rue Pierre Brossolette.;;2024-09-05;2026-12-31;IMPASSE;mise en impasse des deux rues durant toute la durée des travaux.;2;2;;"{""coordinates"": [[[2.3472545526588617, 48.84261609261237], [2.3472753301867515, 48.8425812972096], [2.346433948323191, 48.8421953851312], [2.347801285985655, 48.84184032679391], [2.3477773158274644, 48.84180528731196], [2.346271629563287, 48.84216227402575], [2.346283765764437, 48.8421677113442], [2.3472545526588617, 48.84261609261237]]], ""type"": ""Polygon""}";48.84213805283548, 2.34694153763722
CP002699;;75010;11;3;Eiffage;REHABILITATION_IMMEUBLE;Réduction de la voirie par GBA et K8 pour la gestion des flux VL PL de la base vie au 79 et report d;81 - 83 Boulevard de Strasbourg;en face du terminus pour la gestion des VL PL;2024-11-17;2025-11-14;RESTREINTE;;2;2;;"{""coordinates"": [[[2.357801294574197, 48.8756825415542], [2.357771889654093, 48.87559108509271], [2.3577739664994275, 48.875587739915886], [2.357703615375249, 48.875598103224895], [2.357714329620317, 48.87563709653034], [2.357801294574197, 48.8756825415542]]], ""type"": ""Polygon""}";48.875627858833006, 2.357752906252346
CP002671;;75020;10;1;S.A.G.P;REAMENAGEMENT_VOIRIE;;rue Schubert -rue Paganini;;2024-10-01;2025-01-31;RESTREINTE;Travaux en demi chaussée.;2;2;;"{""coordinates"": [[[2.4116891045505136, 48.85217095646313], [2.4117377190425513, 48.852189991887315], [2.4117376887274746, 48.85219267719568], [2.4118603153213325, 48.85142260025915], [2.411807177818527, 48.851443820924494], [2.4116891045505136, 48.85217095646313]]], ""type"": ""Polygon""}";48.85180975039869, 2.411773440962627
CP002683;;75010;11;1;SAGP. DST;REAMENAGEMENT_SECTEUR;Elargissement du trottoir coté école et centre sportif.;Rue de Lancry;du 1 au 19;2024-10-14;2024-11-29;BARRAGE_TOTAL;Fermeture de la rue de Lancry de 7h00 a 17h00 durant les travaux avec déviation par la rue René boulanger et la rue Bouchardon. Mise en inversion de sens de la rue Boulanger depuis la rue de Lancry jusqu'à la rue Bouchardon.;2;2;;"{""coordinates"": [[[2.3606375504166084, 48.86980225492016], [2.3607010506004475, 48.86976902804488], [2.3599290414989396, 48.868662599743615], [2.35984737529147, 48.86868364464035], [2.3606375504166084, 48.86980225492016]]], ""type"": ""Polygon""}";48.86921968648766, 2.360271844257737
CP002692;;75015;13;1;S.T.V;REAMENAGEMENT_VOIRIE;;Boulevard Victor;du 13 au 57 bld Victor;2024-10-21;2024-12-20;RESTREINTE;"Fermeture des deux accès entre bld Victor et Lefebvre (traversées de tramway) .
Réduction de voirie avec maintient d'une voie de circulation Bld Victor.";2;2;;"{""coordinates"": [[[2.2871231893820325, 48.83327207757406], [2.2892449038279725, 48.83234616572861], [2.2892550712595168, 48.832346226149355], [2.289249116423892, 48.832335449504065], [2.2890349811630695, 48.83237848549814], [2.2889630701110515, 48.83228272675325], [2.2888079829935695, 48.83232074228918], [2.2888797839162778, 48.832424557088665], [2.287441565054623, 48.833043032869135], [2.28732682083846, 48.83295641647924], [2.287207932008657, 48.83302418564511], [2.2873429576399924, 48.83311495039906], [2.2870769656854137, 48.8332315216899], [2.2871231893820325, 48.83327207757406]]], ""type"": ""Polygon""}";48.832775374619985, 2.288126750049448
CP002726;;75010;11;1;SAGP;REAMENAGEMENT_VOIRIE;Aménagement des abords cde Gare du Nord;rue de Valencienne;entre le n°1 et 5;2025-02-10;2025-03-21;RESTREINTE;;2;1;;"{""coordinates"": [[[2.35637822513008, 48.87801190440302], [2.355645851245616, 48.87814155523796], [2.3556616443886713, 48.87818124778141], [2.3563868120709426, 48.8780582707334], [2.356380235804259, 48.87801392882053], [2.3563741208432125, 48.878014566846964], [2.35637822513008, 48.87801190440302]]], ""type"": ""Polygon""}";48.878096874905765, 2.3560257565126856
